url;query;frequency of impressions
https://best-service.ru/;ремонт ноутбуков acer;3
https://best-service.ru/;срочный ремонт acer;4
https://best-service.ru/;сервис acer;2
https://best-service.ru/;сервисный центр acer;0
https://best-service.ru/;ремонт acer;0
https://best-service.ru/;ремонт стиральных машин aeg;0
https://best-service.ru/;ремонт холодильников aeg;0
https://best-service.ru/;ремонт стиральных машин aeg в москве;0
https://best-service.ru/;ремонт посудомоечных машин aeg;0
https://best-service.ru/;ремонт кофемашин aeg;0
